{
  "train_loss": [
    0.6525543722368422,
    0.07817093034585317,
    0.08360595779404753,
    0.075686132956651,
    0.05518007863845144,
    0.09392742568715698,
    0.026239487675151656,
    0.014939132124362956,
    0.024563426661881663,
    0.007935592062061741,
    0.017071411590136233,
    0.022422230735953366,
    0.009669176835034574,
    0.021851230235326858,
    0.01176855445928162,
    0.002775341771276934,
    0.0018850949792457478,
    0.002525932720995375,
    0.004676503958069675,
    0.00314097771687167,
    0.0063159499439366515,
    0.0033538234253813115,
    0.025213084577227988,
    0.003049124159761483,
    0.005948832829571551,
    0.005910809462269147,
    0.02268528050210859,
    0.003990407528666158,
    0.00436317019851967,
    0.004390215567712273
  ],
  "train_acc": [
    0.7529761904761905,
    0.9821428571428571,
    0.9732142857142857,
    0.9791666666666666,
    0.9851190476190477,
    0.9761904761904762,
    0.9910714285714286,
    1.0,
    0.9910714285714286,
    1.0,
    0.9940476190476191,
    0.9940476190476191,
    0.9970238095238095,
    0.9970238095238095,
    0.9970238095238095,
    1.0,
    1.0,
    1.0,
    1.0,
    1.0,
    0.9970238095238095,
    1.0,
    0.9940476190476191,
    1.0,
    0.9970238095238095,
    1.0,
    0.9940476190476191,
    1.0,
    1.0,
    1.0
  ],
  "val_loss": [
    3.0871742339361283,
    0.16768494248390198,
    1.3550676618303572,
    0.15905094146728516,
    0.5665134560494196,
    0.005777232437616303,
    0.10214399759258543,
    0.004982614357556615,
    0.005330711824908143,
    3.157078050431751,
    0.1077062672092801,
    0.10515612541210084,
    0.059041351257335575,
    0.009637457994921576,
    0.008319190941706654,
    0.013284185308120436,
    0.010127100988202506,
    0.006364233398233496,
    0.005537895779568879,
    0.002606390759215823,
    0.0019593365640113397,
    0.0004793180255330212,
    0.0006163476528378115,
    0.0006075460363977722,
    0.0006439769474257316,
    0.000734707595603097,
    0.0007603671179995651,
    0.0007440395725314461,
    0.0008567465480328316,
    0.0006772358139555546
  ],
  "val_acc": [
    0.32142857142857145,
    0.9404761904761905,
    0.7023809523809523,
    0.9404761904761905,
    0.8095238095238095,
    1.0,
    0.9642857142857143,
    1.0,
    1.0,
    0.6190476190476191,
    0.9642857142857143,
    0.9642857142857143,
    0.9761904761904762,
    1.0,
    1.0,
    0.9880952380952381,
    0.9880952380952381,
    1.0,
    1.0,
    1.0,
    1.0,
    1.0,
    1.0,
    1.0,
    1.0,
    1.0,
    1.0,
    1.0,
    1.0,
    1.0
  ],
  "val_precision": [
    0.248,
    0.9480021123041718,
    0.7946127946127947,
    0.9615384615384615,
    0.8330767630538798,
    1.0,
    0.9568181818181818,
    1.0,
    1.0,
    0.679245283018868,
    0.9692753623188406,
    0.9647058823529411,
    0.975,
    1.0,
    1.0,
    0.9866666666666667,
    0.9866666666666667,
    1.0,
    1.0,
    1.0,
    1.0,
    1.0,
    1.0,
    1.0,
    1.0,
    1.0,
    1.0,
    1.0,
    1.0,
    1.0
  ],
  "val_recall": [
    0.38,
    0.9428571428571428,
    0.7587301587301587,
    0.946031746031746,
    0.8238095238095238,
    1.0,
    0.9714285714285715,
    1.0,
    1.0,
    0.6314285714285715,
    0.9714285714285715,
    0.9714285714285713,
    0.980952380952381,
    1.0,
    1.0,
    0.9904761904761905,
    0.9904761904761905,
    1.0,
    1.0,
    1.0,
    1.0,
    1.0,
    1.0,
    1.0,
    1.0,
    1.0,
    1.0,
    1.0,
    1.0,
    1.0
  ],
  "val_f1": [
    0.266893039049236,
    0.9441905541905541,
    0.6988529180358217,
    0.9502170957490106,
    0.8077988068841726,
    1.0,
    0.9617582417582418,
    1.0,
    1.0,
    0.5965544491860281,
    0.9686279238003376,
    0.9657671125098348,
    0.9766666666666666,
    1.0,
    1.0,
    0.9882253994953742,
    0.9882253994953742,
    1.0,
    1.0,
    1.0,
    1.0,
    1.0,
    1.0,
    1.0,
    1.0,
    1.0,
    1.0,
    1.0,
    1.0,
    1.0
  ]
}